<?xml version="1.0" encoding="UTF-8"?>
<!DOCTYPE mapper PUBLIC "-//mybatis.org//DTD Mapper 3.0//EN" "https://mybatis.org/dtd/mybatis-3-mapper.dtd">
<mapper namespace="com.config.RentalMapper">
	<!-- 
	resultType : 조회 결과 값을 저장하기 위한 데이터 타입(데이터 하나에 대한 타입 지정)
````paramterType : 전달받은 파라이터 데이터 타입 지정(선택적)
	-->
	<!-- 전체 조회-->
	<select id="findAll" resultType="RentalDTO">
		select rental_idx, rental_period, rental_return, 
      if(now() > rental_return, DATEDIFF(now(), rental_return) * 500, 0) AS rental_latefee,
      member_idx, book_idx
      from rental;       
	</select>

	<!-- 대여 검색-->
	<select id="rentSearch" resultType="RentalDTO">
		select *
		from rental
		where book_idx = #{book_idx}
	</select>

	<!-- 대여 추가-->
	<insert id="rentAdd" parameterType="RentalDTO">
		INSERT INTO rental(member_idx, book_idx, rental_period, rental_return)
   		VALUES (#{member_idx}, #{book_idx}, #{rental_period}, #{rental_return})
	</insert>

	<!-- 대여 삭제 (반납)-->
	<delete id="rentDelete" parameterType="RentalDTO">
		delete from rental
		where rental_idx = #{rental_idx}
	</delete>

	<select id="findBookIdxByRentalIdx" resultType="int" parameterType="int">
        SELECT book_idx FROM rental
        WHERE rental_idx = #{rental_idx};
    </select>

</mapper>